,year,month,day,hour,minute,second,cc,nchannel
0,2020,7,9,2,46,25.95,0.1247611075653945,8
1,2020,7,9,11,6,11.1,0.11916089480467246,9
