,year,month,day,hour,minute,second,cc,nchannel
0,2020,6,21,0,23,25.65,0.0936782559188536,8
1,2020,6,21,20,13,18.1,0.0965384944412204,8
