,year,month,day,hour,minute,second,cc,nchannel
0,2020,8,9,22,59,43.2,0.07594057480513176,9
1,2020,8,9,23,14,23.4,0.15055529171717902,5
