,year,month,day,hour,minute,second,cc,nchannel
0,2020,7,25,15,1,6.95,0.08761355264330208,9
1,2020,7,25,19,46,30.0,0.07719722807599888,9
