,year,month,day,hour,minute,second,cc,nchannel
0,2020,7,18,8,59,5.15,0.08522029788926104,8
1,2020,7,18,21,49,55.9,0.08637706960878452,9
