,year,month,day,hour,minute,second,cc,nchannel
0,2020,6,3,1,2,54.75,0.09027817837897169,8
1,2020,6,3,14,53,48.65,0.08885045602833248,8
