,year,month,day,hour,minute,second,cc,nchannel
0,2020,6,22,13,35,11.4,0.09878833538340995,8
1,2020,6,22,23,4,58.45,0.10648179374541722,5
