,year,month,day,hour,minute,second,cc,nchannel
0,2020,6,29,7,53,58.65,0.0766498193442571,9
1,2020,6,29,8,19,3.1,0.07147881569885607,9
2,2020,6,29,18,16,18.1,0.08101630940273565,9
3,2020,6,29,22,40,15.65,0.0904683744261977,9
