,year,month,day,hour,minute,second,cc,nchannel
0,2020,5,23,1,34,44.1,0.09092863075201715,8
1,2020,5,23,21,27,30.15,0.08908438383570517,8
