,year,month,day,hour,minute,second,cc,nchannel
0,2020,5,18,4,43,59.7,0.09276143167259425,8
1,2020,5,18,4,46,32.7,0.0856965548530311,8
