,year,month,day,hour,minute,second,cc,nchannel
0,2020,7,4,11,22,51.1,0.08567710644267959,8
1,2020,7,4,13,13,44.75,0.07439541565751057,9
