,year,month,day,hour,minute,second,cc,nchannel
0,2020,6,28,4,50,34.9,0.0785667798591913,9
1,2020,6,28,22,1,59.5,0.07521502775723178,9
