,year,month,day,hour,minute,second,cc,nchannel
0,2020,7,26,0,40,13.7,0.09698002931514284,8
1,2020,7,26,13,33,1.2,0.08903376790631547,8
