,year,month,day,hour,minute,second,cc,nchannel
0,2020,6,24,6,14,3.7,0.09917683013913828,7
1,2020,6,24,15,48,56.7,0.08577563127039739,8
