,year,month,day,hour,minute,second,cc,nchannel
0,2020,7,8,1,2,1.0,0.07621572278098893,9
1,2020,7,8,1,2,3.1,0.07796858804655699,9
