,year,month,day,hour,minute,second,cc,nchannel
0,2020,4,8,0,13,39.4,0.0948938344318,6
1,2020,4,8,21,41,24.05,0.0730988072662,9
