,year,month,day,hour,minute,second,cc,nchannel
0,2020,8,3,15,33,1.65,0.08673710554273256,8
1,2020,8,3,16,26,56.4,0.08272366681271989,8
