,year,month,day,hour,minute,second,cc,nchannel
0,2020,6,17,10,53,34.0,0.09298880258225091,8
1,2020,6,17,21,10,58.6,0.09149101799907504,8
