,year,month,day,hour,minute,second,cc,nchannel
0,2020,8,5,6,30,45.4,0.11569241572170602,9
1,2020,8,5,21,37,44.85,0.10139669979162107,8
