,year,month,day,hour,minute,second,cc,nchannel
0,2020,7,6,16,49,18.25,0.07333737886181493,9
1,2020,7,6,17,52,30.75,0.08548128397518778,9
