,year,month,day,hour,minute,second,cc,nchannel
0,2020,10,14,0,46,25.05,0.1278034949100731,5
1,2020,10,14,3,28,56.4,0.09275202573207654,5
2,2020,10,14,11,42,36.6,0.11603979061578025,5
3,2020,10,14,11,54,34.5,0.11766139140479333,5
4,2020,10,14,12,32,5.25,0.1428281113048159,5
5,2020,10,14,19,22,44.2,0.09097143067143008,5
