,year,month,day,hour,minute,second,cc,nchannel
0,2020,6,6,0,23,25.2,0.10482906974440313,8
1,2020,6,6,3,53,6.2,0.11854103095596542,8
