,year,month,day,hour,minute,second,cc,nchannel
0,2020,5,18,2,20,30.25,0.07753888993054824,9
1,2020,5,18,7,4,7.6,0.07094249061504374,9
