,year,month,day,hour,minute,second,cc,nchannel
0,2020,10,6,19,33,20.05,0.06401266859792586,12
1,2020,10,6,23,31,39.7,0.08173180268648178,9
