,year,month,day,hour,minute,second,cc,nchannel
0,2020,7,30,2,58,54.55,0.06943149363385484,9
1,2020,7,30,10,51,20.1,0.07179815087312211,9
