,year,month,day,hour,minute,second,cc,nchannel
0,2020,10,7,17,30,49.2,0.06431089486119282,12
1,2020,10,7,21,10,49.9,0.0710621825762471,12
