,year,month,day,hour,minute,second,cc,nchannel
0,2020,9,5,1,7,39.05,0.07079951704221164,15
1,2020,9,5,14,9,30.3,0.06262654454163039,15
