,year,month,day,hour,minute,second,cc,nchannel
0,2020,6,24,17,43,45.75,0.07648782842692137,9
1,2020,6,24,21,15,45.85,0.07890200275566547,9
