,year,month,day,hour,minute,second,cc,nchannel
0,2020,5,29,7,26,44.6,0.07169088165972044,9
1,2020,5,29,20,44,22.3,0.07108633698582868,9
