,year,month,day,hour,minute,second,cc,nchannel
0,2020,7,26,2,8,57.6,0.07066664544739037,9
1,2020,7,26,2,9,23.75,0.07012811485522935,9
