,year,month,day,hour,minute,second,cc,nchannel
0,2020,10,8,14,29,11.85,0.07260394629999753,12
1,2020,10,8,18,33,18.45,0.07579944053049763,12
