,year,month,day,hour,minute,second,cc,nchannel
0,2020,10,12,17,25,29.45,0.07998154428315855,12
1,2020,10,12,23,33,25.6,0.09731578968162799,9
