,year,month,day,hour,minute,second,cc,nchannel
0,2020,7,21,1,24,42.15,0.0838240616774924,9
1,2020,7,21,1,59,44.1,0.09026970896382228,9
