,year,month,day,hour,minute,second,cc,nchannel
0,2020,10,1,0,34,19.3,0.08100958152171228,12
1,2020,10,1,1,25,21.05,0.07118287093054577,12
