,year,month,day,hour,minute,second,cc,nchannel
0,2020,8,17,4,37,24.15,0.07121954874687837,9
1,2020,8,17,5,38,59.65,0.06952309226312663,9
